{
  "type": "minecraft:crafting_shaped",
  "pattern": [
    "PRP",
    "DCE",
    "PHP"
  ],
  "key": {
    "P": {
      "item": "tensura:pure_magisteel_ingot"
    },
    "R": {
      "item": "tensura:dragon_essence"
    },
    "D": {
      "item": "tensura:demon_essence"
    },
    "E": {
      "item": "tensura:elemental_essence"
    },
    "H": {
      "item": "tensura:high_quality_magic_crystal"
    },
    "C": {
      "item": "tensura:element_core_empty"
    }
  },
  "result": {
    "item": "tensura:marionette_heart",
    "count": 1
  }
}
