{
  "type": "minecraft:crafting_shaped",
  "pattern": [
    "PBP",
    "IOC",
    "PPP"
  ],
  "key": {
    "P": {
      "item": "tensura:pure_magisteel_ingot"
    },
    "B": {
      "item": "trmysticism:blaze_essence"
    },
    "I": {
      "item": "trmysticism:ice_essence"
    },
    "O": {
      "item": "trmysticism:chaos_core"
    },
    "C": {
      "item": "trmysticism:cryptid_essence"
    }
  },
  "result": {
    "item": "trmysticism:darkness_core",
    "count": 1
  }
}
