{
  "type": "sophisticatedbackpacks:basic_backpack",
  "conditions": [
    {
      "type": "sophisticatedcore:item_enabled",
      "itemRegistryName": "sophisticatedbackpacks:backpack"
    }
  ],
  "key": {
    "C": {
      "tag": "forge:chests/wooden"
    },
    "L": {
      "item": "tensura:monster_leather_c"
    },
    "S": {
      "tag": "forge:string"
    }
  },
  "pattern": [
    "SLS",
    "SCS",
    "LLL"
  ],
  "result": {
    "item": "sophisticatedbackpacks:backpack"
  }
}